{"Version":5,"DisabledURLs":{"Status":1,"URLs":["https:\/\/www.activehotel.at\/last-minute-specials\/","https:\/\/www.activehotel.at\/en\/last-minute-specials\/","https:\/\/www.activehotel.at\/buchungsanfrage\/","https:\/\/www.activehotel.at\/buchen\/","https:\/\/www.activehotel.at\/kontakt\/","https:\/\/www.activehotel.at\/en\/contact-2\/","https:\/\/www.activehotel.at\/en\/booking\/","https:\/\/www.activehotel.at\/en\/booking-enquiry\/","https:\/\/www.activehotel.at\/pauschalangebote\/","https:\/\/www.activehotel.at\/en\/packages-offers\/"]},"EnabledURLs":{"Status":0,"URLs":[]},"PageCache":{"ExpireTime":2592000,"SupportedCookies":["np_wc_currency","np_wc_currency_language","_icl_current_language"]},"IgnoredParams":["utm_source","utm_medium","utm_campaign","utm_term","utm_content","fbclid","gclid","zenid","_gl"],"SDKVersion":"0.17.2"}